start:START_ID	end:END_ID	type:TYPE	var	taint_src	taint_dst
0	1	FILE_OF			
1	2	ENTRY			
1	3	EXIT			
1	4	PARENT_OF			
1	1056	CALLS			
4	5	PARENT_OF			
5	6	PARENT_OF			
5	8	PARENT_OF			
5	1061	LOOKUP			
5	18	FLOWS_TO			
5	212	LOOKUP			
5	1426	LOOKUP			
5	1432	LOOKUP			
5	1419	LOOKUP			
5	1419	LOOKUP			
5	408	LOOKUP			
5	1430	LOOKUP			
5	1058	FLOWS_TO			
5	1332	LOOKUP			
5	1332	LOOKUP			
5	1361	LOOKUP			
5	1365	LOOKUP			
6	7	PARENT_OF			
8	9	PARENT_OF			
8	11	PARENT_OF			
9	10	PARENT_OF			
11	12	PARENT_OF			
13	14	FILE_OF			
14	15	ENTRY			
14	16	EXIT			
14	17	PARENT_OF			
14	1056	CALLS			
17	18	PARENT_OF			
17	26	PARENT_OF			
17	101	PARENT_OF			
17	175	PARENT_OF			
18	19	PARENT_OF			
18	21	PARENT_OF			
18	1061	LOOKUP			
18	1058	FLOWS_TO			
18	26	FLOWS_TO			
19	20	PARENT_OF			
21	22	PARENT_OF			
21	24	PARENT_OF			
22	23	PARENT_OF			
24	25	PARENT_OF			
26	27	ENTRY			
26	28	EXIT			
26	29	PARENT_OF			
26	30	PARENT_OF			
26	31	PARENT_OF			
26	40	PARENT_OF			
26	99	PARENT_OF			
26	100	PARENT_OF			
26	101	FLOWS_TO			
26	47	OBJ_REACHES			
26	65	OBJ_REACHES			
26	65	OBJ_REACHES			
26	71	OBJ_REACHES			
26	88	OBJ_REACHES			
28	116	FLOWS_TO			
31	32	PARENT_OF			
31	36	PARENT_OF			
32	33	PARENT_OF			
32	34	PARENT_OF			
32	35	PARENT_OF			
36	37	PARENT_OF			
36	38	PARENT_OF			
36	39	PARENT_OF			
40	41	PARENT_OF			
40	45	PARENT_OF			
40	88	PARENT_OF			
40	96	PARENT_OF			
41	42	PARENT_OF			
41	44	PARENT_OF			
41	45	FLOWS_TO			
42	43	PARENT_OF			
45	46	PARENT_OF			
45	60	PARENT_OF			
45	1440	LOOKUP			
45	52	FLOWS_TO			
45	63	FLOWS_TO			
46	47	PARENT_OF			
46	51	PARENT_OF			
47	48	PARENT_OF			
47	50	PARENT_OF			
48	49	PARENT_OF			
51	52	PARENT_OF			
52	53	PARENT_OF			
52	55	PARENT_OF			
52	1443	LOOKUP			
52	1443	LOOKUP			
53	54	PARENT_OF			
55	56	PARENT_OF			
55	58	PARENT_OF			
56	57	PARENT_OF			
58	59	PARENT_OF			
60	61	PARENT_OF			
60	62	PARENT_OF			
62	63	PARENT_OF			
63	64	PARENT_OF			
63	78	PARENT_OF			
63	1443	LOOKUP			
63	191	LOOKUP			
63	188	LOOKUP			
63	1440	LOOKUP			
63	71	FLOWS_TO			
63	81	FLOWS_TO			
64	65	PARENT_OF			
64	70	PARENT_OF			
65	66	PARENT_OF			
65	68	PARENT_OF			
66	67	PARENT_OF			
68	69	PARENT_OF			
70	71	PARENT_OF			
71	72	PARENT_OF			
71	74	PARENT_OF			
71	1440	LOOKUP			
71	1440	LOOKUP			
71	1440	LOOKUP			
71	88	OBJ_REACHES			
72	73	PARENT_OF			
74	75	PARENT_OF			
74	77	PARENT_OF			
75	76	PARENT_OF			
78	79	PARENT_OF			
78	80	PARENT_OF			
80	81	PARENT_OF			
81	82	PARENT_OF			
81	84	PARENT_OF			
81	1471	LOOKUP			
81	1471	LOOKUP			
81	1440	LOOKUP			
81	1440	LOOKUP			
81	88	FLOWS_TO			
82	83	PARENT_OF			
84	85	PARENT_OF			
84	86	PARENT_OF			
86	87	PARENT_OF			
88	89	PARENT_OF			
88	91	PARENT_OF			
88	191	LOOKUP			
88	191	LOOKUP			
88	1471	LOOKUP			
88	1440	LOOKUP			
88	188	LOOKUP			
88	188	LOOKUP			
88	1443	LOOKUP			
88	1467	LOOKUP			
88	1467	LOOKUP			
88	96	FLOWS_TO			
88	131	OBJ_REACHES			
88	131	OBJ_REACHES			
88	131	OBJ_REACHES			
88	131	OBJ_REACHES			
88	131	OBJ_REACHES			
88	131	OBJ_REACHES			
88	131	OBJ_REACHES			
88	131	OBJ_REACHES			
88	131	OBJ_REACHES			
88	137	OBJ_REACHES			
88	137	OBJ_REACHES			
88	137	OBJ_REACHES			
88	137	OBJ_REACHES			
88	137	OBJ_REACHES			
88	137	OBJ_REACHES			
88	137	OBJ_REACHES			
88	137	OBJ_REACHES			
88	137	OBJ_REACHES			
89	90	PARENT_OF			
91	92	PARENT_OF			
91	94	PARENT_OF			
92	93	PARENT_OF			
94	95	PARENT_OF			
96	97	PARENT_OF			
96	1487	LOOKUP			
96	1492	LOOKUP			
96	1512	LOOKUP			
96	1477	LOOKUP			
96	1482	LOOKUP			
96	1517	LOOKUP			
96	1507	LOOKUP			
96	1502	LOOKUP			
96	1497	LOOKUP			
96	127	FLOWS_TO			
97	98	PARENT_OF			
101	102	ENTRY			
101	103	EXIT			
101	104	PARENT_OF			
101	105	PARENT_OF			
101	106	PARENT_OF			
101	115	PARENT_OF			
101	173	PARENT_OF			
101	174	PARENT_OF			
101	175	FLOWS_TO			
101	47	OBJ_REACHES			
101	47	OBJ_REACHES			
101	65	OBJ_REACHES			
101	65	OBJ_REACHES			
101	65	OBJ_REACHES			
101	65	OBJ_REACHES			
101	71	OBJ_REACHES			
101	71	OBJ_REACHES			
101	88	OBJ_REACHES			
101	88	OBJ_REACHES			
101	88	OBJ_REACHES			
101	26	CALLS			
101	1530	CALLS			
101	1562	CALLS			
101	401	CALLS			
101	1594	CALLS			
101	1621	CALLS			
106	107	PARENT_OF			
106	111	PARENT_OF			
107	108	PARENT_OF			
107	109	PARENT_OF			
107	110	PARENT_OF			
111	112	PARENT_OF			
111	113	PARENT_OF			
111	114	PARENT_OF			
115	116	PARENT_OF			
115	127	PARENT_OF			
115	131	PARENT_OF			
115	137	PARENT_OF			
116	117	PARENT_OF			
116	119	PARENT_OF			
116	1401	LOOKUP			
116	1440	LOOKUP			
116	1443	LOOKUP			
116	41	FLOWS_TO			
116	27	FLOWS_TO			
117	118	PARENT_OF			
119	120	PARENT_OF			
119	122	PARENT_OF			
120	121	PARENT_OF			
122	123	PARENT_OF			
122	125	PARENT_OF			
123	124	PARENT_OF			
125	126	PARENT_OF			
127	128	PARENT_OF			
127	130	PARENT_OF			
127	131	FLOWS_TO			
127	139	OBJ_REACHES			
128	129	PARENT_OF			
131	132	PARENT_OF			
131	134	PARENT_OF			
131	1487	LOOKUP			
131	1492	LOOKUP			
131	1512	LOOKUP			
131	1477	LOOKUP			
131	1482	LOOKUP			
131	1517	LOOKUP			
131	1507	LOOKUP			
131	1502	LOOKUP			
131	1497	LOOKUP			
131	1532	FLOWS_TO			
131	137	FLOWS_TO			
132	133	PARENT_OF			
134	135	PARENT_OF			
135	136	PARENT_OF			
137	138	PARENT_OF			
137	166	PARENT_OF			
137	201	LOOKUP			
137	201	LOOKUP			
137	201	LOOKUP			
137	186	LOOKUP			
137	186	LOOKUP			
137	186	LOOKUP			
137	1564	FLOWS_TO			
137	406	LOOKUP			
137	1487	LOOKUP			
137	1492	LOOKUP			
137	1512	LOOKUP			
137	1477	LOOKUP			
137	1482	LOOKUP			
137	1517	LOOKUP			
137	1507	LOOKUP			
137	1502	LOOKUP			
137	1497	LOOKUP			
137	403	FLOWS_TO			
137	1596	FLOWS_TO			
137	1623	FLOWS_TO			
137	1524	LOOKUP			
137	139	OBJ_REACHES			
137	162	FLOWS_TO			
137	169	FLOWS_TO			
138	139	PARENT_OF			
138	161	PARENT_OF			
139	140	PARENT_OF			
139	159	PARENT_OF			
140	141	PARENT_OF			
140	156	PARENT_OF			
140	157	PARENT_OF			
141	142	PARENT_OF			
141	148	PARENT_OF			
141	149	PARENT_OF			
142	143	PARENT_OF			
142	145	PARENT_OF			
142	146	PARENT_OF			
143	144	PARENT_OF			
146	147	PARENT_OF			
149	150	PARENT_OF			
150	151	PARENT_OF			
150	153	PARENT_OF			
151	152	PARENT_OF			
153	154	PARENT_OF			
154	155	PARENT_OF			
157	158	PARENT_OF			
159	160	PARENT_OF			
161	162	PARENT_OF			
162	163	PARENT_OF			
162	188	LOOKUP			
163	164	PARENT_OF			
164	165	PARENT_OF			
166	167	PARENT_OF			
166	168	PARENT_OF			
168	169	PARENT_OF			
169	170	PARENT_OF			
169	191	LOOKUP			
170	171	PARENT_OF			
171	172	PARENT_OF			
175	176	PARENT_OF			
175	180	PARENT_OF			
175	1417	LOOKUP			
175	1417	LOOKUP			
175	1391	LOOKUP			
175	1391	LOOKUP			
175	1395	LOOKUP			
175	1395	LOOKUP			
175	116	FLOWS_TO			
176	177	PARENT_OF			
176	179	PARENT_OF			
177	178	PARENT_OF			
180	181	PARENT_OF			
182	183	SCOPE_TO_VAR			
182	185	SCOPE_TO_VAR			
182	189	SCOPE_TO_VAR			
182	192	SCOPE_TO_VAR			
182	202	SCOPE_TO_VAR			
182	213	SCOPE_TO_VAR			
182	413	SCOPE_TO_VAR			
182	622	SCOPE_TO_VAR			
182	636	SCOPE_TO_VAR			
182	858	SCOPE_TO_VAR			
182	872	SCOPE_TO_VAR			
182	886	SCOPE_TO_VAR			
182	900	SCOPE_TO_VAR			
182	914	SCOPE_TO_VAR			
182	928	SCOPE_TO_VAR			
182	942	SCOPE_TO_VAR			
182	956	SCOPE_TO_VAR			
182	970	SCOPE_TO_VAR			
182	984	SCOPE_TO_VAR			
182	998	SCOPE_TO_VAR			
182	1012	SCOPE_TO_VAR			
182	1026	SCOPE_TO_VAR			
182	1040	SCOPE_TO_VAR			
182	1054	SCOPE_TO_VAR			
182	1068	SCOPE_TO_VAR			
182	1070	SCOPE_TO_VAR			
182	1101	SCOPE_TO_VAR			
182	1132	SCOPE_TO_VAR			
182	1175	SCOPE_TO_VAR			
182	1203	SCOPE_TO_VAR			
182	1259	SCOPE_TO_VAR			
182	1325	SCOPE_TO_VAR			
182	1327	SCOPE_TO_VAR			
182	1333	SCOPE_TO_VAR			
182	1336	SCOPE_TO_VAR			
182	1340	SCOPE_TO_VAR			
182	1349	SCOPE_TO_VAR			
182	1359	PARENT_SCOPE_OF			
182	1379	SCOPE_TO_VAR			
182	1389	PARENT_SCOPE_OF			
182	1529	SCOPE_TO_VAR			
183	184	NAME_TO_OBJ			
184	187	OBJ_TO_PROP			
184	190	OBJ_TO_PROP			
184	193	OBJ_TO_PROP			
184	203	OBJ_TO_PROP			
184	214	OBJ_TO_PROP			
184	414	OBJ_TO_PROP			
184	623	OBJ_TO_PROP			
184	637	OBJ_TO_PROP			
184	859	OBJ_TO_PROP			
184	873	OBJ_TO_PROP			
184	887	OBJ_TO_PROP			
184	901	OBJ_TO_PROP			
184	915	OBJ_TO_PROP			
184	929	OBJ_TO_PROP			
184	943	OBJ_TO_PROP			
184	957	OBJ_TO_PROP			
184	971	OBJ_TO_PROP			
184	985	OBJ_TO_PROP			
184	999	OBJ_TO_PROP			
184	1013	OBJ_TO_PROP			
184	1027	OBJ_TO_PROP			
184	1041	OBJ_TO_PROP			
184	1055	OBJ_TO_PROP			
184	1069	OBJ_TO_PROP			
184	1074	OBJ_TO_PROP			
184	1105	OBJ_TO_PROP			
184	1136	OBJ_TO_PROP			
184	1176	OBJ_TO_PROP			
184	1207	OBJ_TO_PROP			
184	1260	OBJ_TO_PROP			
184	1326	OBJ_TO_PROP			
184	1331	OBJ_TO_PROP			
184	1334	OBJ_TO_PROP			
184	1337	OBJ_TO_PROP			
184	1341	OBJ_TO_PROP			
184	1350	OBJ_TO_PROP			
184	1380	OBJ_TO_PROP			
185	186	NAME_TO_OBJ			
187	186	NAME_TO_OBJ			
188	1487	CONTRIBUTES_TO			
188	1502	CONTRIBUTES_TO			
188	1507	CONTRIBUTES_TO			
188	1512	CONTRIBUTES_TO			
188	1517	CONTRIBUTES_TO			
188	1517	CONTRIBUTES_TO			
189	188	NAME_TO_OBJ			
190	188	NAME_TO_OBJ			
191	1477	CONTRIBUTES_TO			
191	1482	CONTRIBUTES_TO			
191	1482	CONTRIBUTES_TO			
191	1487	CONTRIBUTES_TO			
191	1497	CONTRIBUTES_TO			
191	1512	CONTRIBUTES_TO			
192	191	NAME_TO_OBJ			
193	191	NAME_TO_OBJ			
194	196	ENTRY			
194	197	EXIT			
194	195	PARENT_OF			
194	198	PARENT_OF			
196	197	FLOWS_TO			
199	194	OBJ_TO_AST			
199	200	OBJ_TO_PROP			
199	217	OBJ_TO_PROP			
199	230	OBJ_TO_PROP			
199	243	OBJ_TO_PROP			
199	256	OBJ_TO_PROP			
199	269	OBJ_TO_PROP			
199	282	OBJ_TO_PROP			
199	295	OBJ_TO_PROP			
199	308	OBJ_TO_PROP			
199	309	OBJ_TO_PROP			
200	201	NAME_TO_OBJ			
201	194	OBJ_TO_AST			
201	204	OBJ_TO_PROP			
201	322	OBJ_TO_PROP			
201	335	OBJ_TO_PROP			
201	348	OBJ_TO_PROP			
201	361	OBJ_TO_PROP			
202	199	NAME_TO_OBJ			
203	199	NAME_TO_OBJ			
204	186	NAME_TO_OBJ			
205	207	ENTRY			
205	208	EXIT			
205	206	PARENT_OF			
205	209	PARENT_OF			
207	208	FLOWS_TO			
210	205	OBJ_TO_AST			
210	211	OBJ_TO_PROP			
210	215	OBJ_TO_PROP			
211	212	NAME_TO_OBJ			
212	205	OBJ_TO_AST			
212	216	OBJ_TO_PROP			
212	374	OBJ_TO_PROP			
212	387	OBJ_TO_PROP			
212	400	OBJ_TO_PROP			
213	210	NAME_TO_OBJ			
214	210	NAME_TO_OBJ			
215	212	NAME_TO_OBJ			
216	201	NAME_TO_OBJ			
217	212	NAME_TO_OBJ			
218	220	ENTRY			
218	221	EXIT			
218	219	PARENT_OF			
218	222	PARENT_OF			
220	221	FLOWS_TO			
223	218	OBJ_TO_AST			
223	224	OBJ_TO_PROP			
223	228	OBJ_TO_PROP			
223	229	OBJ_TO_PROP			
224	225	NAME_TO_OBJ			
225	218	OBJ_TO_AST			
225	226	OBJ_TO_PROP			
225	227	OBJ_TO_PROP			
226	201	NAME_TO_OBJ			
227	199	NAME_TO_OBJ			
228	212	NAME_TO_OBJ			
229	210	NAME_TO_OBJ			
230	223	NAME_TO_OBJ			
231	233	ENTRY			
231	234	EXIT			
231	232	PARENT_OF			
231	235	PARENT_OF			
233	234	FLOWS_TO			
236	231	OBJ_TO_AST			
236	237	OBJ_TO_PROP			
236	241	OBJ_TO_PROP			
236	242	OBJ_TO_PROP			
237	238	NAME_TO_OBJ			
238	231	OBJ_TO_AST			
238	239	OBJ_TO_PROP			
238	240	OBJ_TO_PROP			
239	201	NAME_TO_OBJ			
240	199	NAME_TO_OBJ			
241	212	NAME_TO_OBJ			
242	210	NAME_TO_OBJ			
243	236	NAME_TO_OBJ			
244	246	ENTRY			
244	247	EXIT			
244	245	PARENT_OF			
244	248	PARENT_OF			
246	247	FLOWS_TO			
249	244	OBJ_TO_AST			
249	250	OBJ_TO_PROP			
249	254	OBJ_TO_PROP			
249	255	OBJ_TO_PROP			
250	251	NAME_TO_OBJ			
251	244	OBJ_TO_AST			
251	252	OBJ_TO_PROP			
251	253	OBJ_TO_PROP			
252	201	NAME_TO_OBJ			
253	199	NAME_TO_OBJ			
254	212	NAME_TO_OBJ			
255	210	NAME_TO_OBJ			
256	249	NAME_TO_OBJ			
257	259	ENTRY			
257	260	EXIT			
257	258	PARENT_OF			
257	261	PARENT_OF			
259	260	FLOWS_TO			
262	257	OBJ_TO_AST			
262	263	OBJ_TO_PROP			
262	267	OBJ_TO_PROP			
262	268	OBJ_TO_PROP			
263	264	NAME_TO_OBJ			
264	257	OBJ_TO_AST			
264	265	OBJ_TO_PROP			
264	266	OBJ_TO_PROP			
265	201	NAME_TO_OBJ			
266	199	NAME_TO_OBJ			
267	212	NAME_TO_OBJ			
268	210	NAME_TO_OBJ			
269	262	NAME_TO_OBJ			
270	272	ENTRY			
270	273	EXIT			
270	271	PARENT_OF			
270	274	PARENT_OF			
272	273	FLOWS_TO			
275	270	OBJ_TO_AST			
275	276	OBJ_TO_PROP			
275	280	OBJ_TO_PROP			
275	281	OBJ_TO_PROP			
276	277	NAME_TO_OBJ			
277	270	OBJ_TO_AST			
277	278	OBJ_TO_PROP			
277	279	OBJ_TO_PROP			
278	201	NAME_TO_OBJ			
279	199	NAME_TO_OBJ			
280	212	NAME_TO_OBJ			
281	210	NAME_TO_OBJ			
282	275	NAME_TO_OBJ			
283	285	ENTRY			
283	286	EXIT			
283	284	PARENT_OF			
283	287	PARENT_OF			
285	286	FLOWS_TO			
288	283	OBJ_TO_AST			
288	289	OBJ_TO_PROP			
288	293	OBJ_TO_PROP			
288	294	OBJ_TO_PROP			
289	290	NAME_TO_OBJ			
290	283	OBJ_TO_AST			
290	291	OBJ_TO_PROP			
290	292	OBJ_TO_PROP			
291	201	NAME_TO_OBJ			
292	199	NAME_TO_OBJ			
293	212	NAME_TO_OBJ			
294	210	NAME_TO_OBJ			
295	288	NAME_TO_OBJ			
296	298	ENTRY			
296	299	EXIT			
296	297	PARENT_OF			
296	300	PARENT_OF			
298	299	FLOWS_TO			
301	296	OBJ_TO_AST			
301	302	OBJ_TO_PROP			
301	306	OBJ_TO_PROP			
301	307	OBJ_TO_PROP			
302	303	NAME_TO_OBJ			
303	296	OBJ_TO_AST			
303	304	OBJ_TO_PROP			
303	305	OBJ_TO_PROP			
304	201	NAME_TO_OBJ			
305	199	NAME_TO_OBJ			
306	212	NAME_TO_OBJ			
307	210	NAME_TO_OBJ			
308	301	NAME_TO_OBJ			
309	191	NAME_TO_OBJ			
310	312	ENTRY			
310	313	EXIT			
310	311	PARENT_OF			
310	314	PARENT_OF			
312	313	FLOWS_TO			
315	310	OBJ_TO_AST			
315	316	OBJ_TO_PROP			
315	320	OBJ_TO_PROP			
315	321	OBJ_TO_PROP			
316	317	NAME_TO_OBJ			
317	310	OBJ_TO_AST			
317	318	OBJ_TO_PROP			
317	319	OBJ_TO_PROP			
318	201	NAME_TO_OBJ			
319	199	NAME_TO_OBJ			
320	212	NAME_TO_OBJ			
321	210	NAME_TO_OBJ			
322	315	NAME_TO_OBJ			
323	325	ENTRY			
323	326	EXIT			
323	324	PARENT_OF			
323	327	PARENT_OF			
325	326	FLOWS_TO			
328	323	OBJ_TO_AST			
328	329	OBJ_TO_PROP			
328	333	OBJ_TO_PROP			
328	334	OBJ_TO_PROP			
329	330	NAME_TO_OBJ			
330	323	OBJ_TO_AST			
330	331	OBJ_TO_PROP			
330	332	OBJ_TO_PROP			
331	201	NAME_TO_OBJ			
332	199	NAME_TO_OBJ			
333	212	NAME_TO_OBJ			
334	210	NAME_TO_OBJ			
335	328	NAME_TO_OBJ			
336	338	ENTRY			
336	339	EXIT			
336	337	PARENT_OF			
336	340	PARENT_OF			
338	339	FLOWS_TO			
341	336	OBJ_TO_AST			
341	342	OBJ_TO_PROP			
341	346	OBJ_TO_PROP			
341	347	OBJ_TO_PROP			
342	343	NAME_TO_OBJ			
343	336	OBJ_TO_AST			
343	344	OBJ_TO_PROP			
343	345	OBJ_TO_PROP			
344	201	NAME_TO_OBJ			
345	199	NAME_TO_OBJ			
346	212	NAME_TO_OBJ			
347	210	NAME_TO_OBJ			
348	341	NAME_TO_OBJ			
349	351	ENTRY			
349	352	EXIT			
349	350	PARENT_OF			
349	353	PARENT_OF			
351	352	FLOWS_TO			
354	349	OBJ_TO_AST			
354	355	OBJ_TO_PROP			
354	359	OBJ_TO_PROP			
354	360	OBJ_TO_PROP			
355	356	NAME_TO_OBJ			
356	349	OBJ_TO_AST			
356	357	OBJ_TO_PROP			
356	358	OBJ_TO_PROP			
357	201	NAME_TO_OBJ			
358	199	NAME_TO_OBJ			
359	212	NAME_TO_OBJ			
360	210	NAME_TO_OBJ			
361	354	NAME_TO_OBJ			
362	364	ENTRY			
362	365	EXIT			
362	363	PARENT_OF			
362	366	PARENT_OF			
364	365	FLOWS_TO			
367	362	OBJ_TO_AST			
367	368	OBJ_TO_PROP			
367	372	OBJ_TO_PROP			
367	373	OBJ_TO_PROP			
368	369	NAME_TO_OBJ			
369	362	OBJ_TO_AST			
369	370	OBJ_TO_PROP			
369	371	OBJ_TO_PROP			
370	201	NAME_TO_OBJ			
371	199	NAME_TO_OBJ			
372	212	NAME_TO_OBJ			
373	210	NAME_TO_OBJ			
374	367	NAME_TO_OBJ			
375	377	ENTRY			
375	378	EXIT			
375	376	PARENT_OF			
375	379	PARENT_OF			
377	378	FLOWS_TO			
380	375	OBJ_TO_AST			
380	381	OBJ_TO_PROP			
380	385	OBJ_TO_PROP			
380	386	OBJ_TO_PROP			
381	382	NAME_TO_OBJ			
382	375	OBJ_TO_AST			
382	383	OBJ_TO_PROP			
382	384	OBJ_TO_PROP			
383	201	NAME_TO_OBJ			
384	199	NAME_TO_OBJ			
385	212	NAME_TO_OBJ			
386	210	NAME_TO_OBJ			
387	380	NAME_TO_OBJ			
388	390	ENTRY			
388	391	EXIT			
388	389	PARENT_OF			
388	392	PARENT_OF			
390	391	FLOWS_TO			
393	388	OBJ_TO_AST			
393	394	OBJ_TO_PROP			
393	398	OBJ_TO_PROP			
393	399	OBJ_TO_PROP			
394	395	NAME_TO_OBJ			
395	388	OBJ_TO_AST			
395	396	OBJ_TO_PROP			
395	397	OBJ_TO_PROP			
396	201	NAME_TO_OBJ			
397	199	NAME_TO_OBJ			
398	212	NAME_TO_OBJ			
399	210	NAME_TO_OBJ			
400	393	NAME_TO_OBJ			
401	403	ENTRY			
401	404	EXIT			
401	402	PARENT_OF			
401	405	PARENT_OF			
403	404	FLOWS_TO			
404	137	FLOWS_TO			
406	401	OBJ_TO_AST			
406	407	OBJ_TO_PROP			
406	411	OBJ_TO_PROP			
406	412	OBJ_TO_PROP			
407	408	NAME_TO_OBJ			
408	401	OBJ_TO_AST			
408	409	OBJ_TO_PROP			
408	410	OBJ_TO_PROP			
408	427	OBJ_TO_PROP			
408	440	OBJ_TO_PROP			
408	453	OBJ_TO_PROP			
408	466	OBJ_TO_PROP			
408	479	OBJ_TO_PROP			
408	492	OBJ_TO_PROP			
408	505	OBJ_TO_PROP			
408	518	OBJ_TO_PROP			
408	531	OBJ_TO_PROP			
408	544	OBJ_TO_PROP			
408	557	OBJ_TO_PROP			
408	570	OBJ_TO_PROP			
408	583	OBJ_TO_PROP			
408	596	OBJ_TO_PROP			
408	609	OBJ_TO_PROP			
409	201	NAME_TO_OBJ			
410	199	NAME_TO_OBJ			
411	212	NAME_TO_OBJ			
412	210	NAME_TO_OBJ			
413	406	NAME_TO_OBJ			
414	406	NAME_TO_OBJ			
415	417	ENTRY			
415	418	EXIT			
415	416	PARENT_OF			
415	419	PARENT_OF			
417	418	FLOWS_TO			
420	415	OBJ_TO_AST			
420	421	OBJ_TO_PROP			
420	425	OBJ_TO_PROP			
420	426	OBJ_TO_PROP			
421	422	NAME_TO_OBJ			
422	415	OBJ_TO_AST			
422	423	OBJ_TO_PROP			
422	424	OBJ_TO_PROP			
423	201	NAME_TO_OBJ			
424	199	NAME_TO_OBJ			
425	212	NAME_TO_OBJ			
426	210	NAME_TO_OBJ			
427	420	NAME_TO_OBJ			
428	430	ENTRY			
428	431	EXIT			
428	429	PARENT_OF			
428	432	PARENT_OF			
430	431	FLOWS_TO			
433	428	OBJ_TO_AST			
433	434	OBJ_TO_PROP			
433	438	OBJ_TO_PROP			
433	439	OBJ_TO_PROP			
434	435	NAME_TO_OBJ			
435	428	OBJ_TO_AST			
435	436	OBJ_TO_PROP			
435	437	OBJ_TO_PROP			
436	201	NAME_TO_OBJ			
437	199	NAME_TO_OBJ			
438	212	NAME_TO_OBJ			
439	210	NAME_TO_OBJ			
440	433	NAME_TO_OBJ			
441	443	ENTRY			
441	444	EXIT			
441	442	PARENT_OF			
441	445	PARENT_OF			
443	444	FLOWS_TO			
446	441	OBJ_TO_AST			
446	447	OBJ_TO_PROP			
446	451	OBJ_TO_PROP			
446	452	OBJ_TO_PROP			
447	448	NAME_TO_OBJ			
448	441	OBJ_TO_AST			
448	449	OBJ_TO_PROP			
448	450	OBJ_TO_PROP			
449	201	NAME_TO_OBJ			
450	199	NAME_TO_OBJ			
451	212	NAME_TO_OBJ			
452	210	NAME_TO_OBJ			
453	446	NAME_TO_OBJ			
454	456	ENTRY			
454	457	EXIT			
454	455	PARENT_OF			
454	458	PARENT_OF			
456	457	FLOWS_TO			
459	454	OBJ_TO_AST			
459	460	OBJ_TO_PROP			
459	464	OBJ_TO_PROP			
459	465	OBJ_TO_PROP			
460	461	NAME_TO_OBJ			
461	454	OBJ_TO_AST			
461	462	OBJ_TO_PROP			
461	463	OBJ_TO_PROP			
462	201	NAME_TO_OBJ			
463	199	NAME_TO_OBJ			
464	212	NAME_TO_OBJ			
465	210	NAME_TO_OBJ			
466	459	NAME_TO_OBJ			
467	469	ENTRY			
467	470	EXIT			
467	468	PARENT_OF			
467	471	PARENT_OF			
469	470	FLOWS_TO			
472	467	OBJ_TO_AST			
472	473	OBJ_TO_PROP			
472	477	OBJ_TO_PROP			
472	478	OBJ_TO_PROP			
473	474	NAME_TO_OBJ			
474	467	OBJ_TO_AST			
474	475	OBJ_TO_PROP			
474	476	OBJ_TO_PROP			
475	201	NAME_TO_OBJ			
476	199	NAME_TO_OBJ			
477	212	NAME_TO_OBJ			
478	210	NAME_TO_OBJ			
479	472	NAME_TO_OBJ			
480	482	ENTRY			
480	483	EXIT			
480	481	PARENT_OF			
480	484	PARENT_OF			
482	483	FLOWS_TO			
485	480	OBJ_TO_AST			
485	486	OBJ_TO_PROP			
485	490	OBJ_TO_PROP			
485	491	OBJ_TO_PROP			
486	487	NAME_TO_OBJ			
487	480	OBJ_TO_AST			
487	488	OBJ_TO_PROP			
487	489	OBJ_TO_PROP			
488	201	NAME_TO_OBJ			
489	199	NAME_TO_OBJ			
490	212	NAME_TO_OBJ			
491	210	NAME_TO_OBJ			
492	485	NAME_TO_OBJ			
493	495	ENTRY			
493	496	EXIT			
493	494	PARENT_OF			
493	497	PARENT_OF			
495	496	FLOWS_TO			
498	493	OBJ_TO_AST			
498	499	OBJ_TO_PROP			
498	503	OBJ_TO_PROP			
498	504	OBJ_TO_PROP			
499	500	NAME_TO_OBJ			
500	493	OBJ_TO_AST			
500	501	OBJ_TO_PROP			
500	502	OBJ_TO_PROP			
501	201	NAME_TO_OBJ			
502	199	NAME_TO_OBJ			
503	212	NAME_TO_OBJ			
504	210	NAME_TO_OBJ			
505	498	NAME_TO_OBJ			
506	508	ENTRY			
506	509	EXIT			
506	507	PARENT_OF			
506	510	PARENT_OF			
508	509	FLOWS_TO			
511	506	OBJ_TO_AST			
511	512	OBJ_TO_PROP			
511	516	OBJ_TO_PROP			
511	517	OBJ_TO_PROP			
512	513	NAME_TO_OBJ			
513	506	OBJ_TO_AST			
513	514	OBJ_TO_PROP			
513	515	OBJ_TO_PROP			
514	201	NAME_TO_OBJ			
515	199	NAME_TO_OBJ			
516	212	NAME_TO_OBJ			
517	210	NAME_TO_OBJ			
518	511	NAME_TO_OBJ			
519	521	ENTRY			
519	522	EXIT			
519	520	PARENT_OF			
519	523	PARENT_OF			
521	522	FLOWS_TO			
524	519	OBJ_TO_AST			
524	525	OBJ_TO_PROP			
524	529	OBJ_TO_PROP			
524	530	OBJ_TO_PROP			
525	526	NAME_TO_OBJ			
526	519	OBJ_TO_AST			
526	527	OBJ_TO_PROP			
526	528	OBJ_TO_PROP			
527	201	NAME_TO_OBJ			
528	199	NAME_TO_OBJ			
529	212	NAME_TO_OBJ			
530	210	NAME_TO_OBJ			
531	524	NAME_TO_OBJ			
532	534	ENTRY			
532	535	EXIT			
532	533	PARENT_OF			
532	536	PARENT_OF			
534	535	FLOWS_TO			
537	532	OBJ_TO_AST			
537	538	OBJ_TO_PROP			
537	542	OBJ_TO_PROP			
537	543	OBJ_TO_PROP			
538	539	NAME_TO_OBJ			
539	532	OBJ_TO_AST			
539	540	OBJ_TO_PROP			
539	541	OBJ_TO_PROP			
540	201	NAME_TO_OBJ			
541	199	NAME_TO_OBJ			
542	212	NAME_TO_OBJ			
543	210	NAME_TO_OBJ			
544	537	NAME_TO_OBJ			
545	547	ENTRY			
545	548	EXIT			
545	546	PARENT_OF			
545	549	PARENT_OF			
547	548	FLOWS_TO			
550	545	OBJ_TO_AST			
550	551	OBJ_TO_PROP			
550	555	OBJ_TO_PROP			
550	556	OBJ_TO_PROP			
551	552	NAME_TO_OBJ			
552	545	OBJ_TO_AST			
552	553	OBJ_TO_PROP			
552	554	OBJ_TO_PROP			
553	201	NAME_TO_OBJ			
554	199	NAME_TO_OBJ			
555	212	NAME_TO_OBJ			
556	210	NAME_TO_OBJ			
557	550	NAME_TO_OBJ			
558	560	ENTRY			
558	561	EXIT			
558	559	PARENT_OF			
558	562	PARENT_OF			
560	561	FLOWS_TO			
563	558	OBJ_TO_AST			
563	564	OBJ_TO_PROP			
563	568	OBJ_TO_PROP			
563	569	OBJ_TO_PROP			
564	565	NAME_TO_OBJ			
565	558	OBJ_TO_AST			
565	566	OBJ_TO_PROP			
565	567	OBJ_TO_PROP			
566	201	NAME_TO_OBJ			
567	199	NAME_TO_OBJ			
568	212	NAME_TO_OBJ			
569	210	NAME_TO_OBJ			
570	563	NAME_TO_OBJ			
571	573	ENTRY			
571	574	EXIT			
571	572	PARENT_OF			
571	575	PARENT_OF			
573	574	FLOWS_TO			
576	571	OBJ_TO_AST			
576	577	OBJ_TO_PROP			
576	581	OBJ_TO_PROP			
576	582	OBJ_TO_PROP			
577	578	NAME_TO_OBJ			
578	571	OBJ_TO_AST			
578	579	OBJ_TO_PROP			
578	580	OBJ_TO_PROP			
579	201	NAME_TO_OBJ			
580	199	NAME_TO_OBJ			
581	212	NAME_TO_OBJ			
582	210	NAME_TO_OBJ			
583	576	NAME_TO_OBJ			
584	586	ENTRY			
584	587	EXIT			
584	585	PARENT_OF			
584	588	PARENT_OF			
586	587	FLOWS_TO			
589	584	OBJ_TO_AST			
589	590	OBJ_TO_PROP			
589	594	OBJ_TO_PROP			
589	595	OBJ_TO_PROP			
590	591	NAME_TO_OBJ			
591	584	OBJ_TO_AST			
591	592	OBJ_TO_PROP			
591	593	OBJ_TO_PROP			
592	201	NAME_TO_OBJ			
593	199	NAME_TO_OBJ			
594	212	NAME_TO_OBJ			
595	210	NAME_TO_OBJ			
596	589	NAME_TO_OBJ			
597	599	ENTRY			
597	600	EXIT			
597	598	PARENT_OF			
597	601	PARENT_OF			
599	600	FLOWS_TO			
602	597	OBJ_TO_AST			
602	603	OBJ_TO_PROP			
602	607	OBJ_TO_PROP			
602	608	OBJ_TO_PROP			
603	604	NAME_TO_OBJ			
604	597	OBJ_TO_AST			
604	605	OBJ_TO_PROP			
604	606	OBJ_TO_PROP			
605	201	NAME_TO_OBJ			
606	199	NAME_TO_OBJ			
607	212	NAME_TO_OBJ			
608	210	NAME_TO_OBJ			
609	602	NAME_TO_OBJ			
610	612	ENTRY			
610	613	EXIT			
610	611	PARENT_OF			
610	614	PARENT_OF			
612	613	FLOWS_TO			
615	610	OBJ_TO_AST			
615	616	OBJ_TO_PROP			
615	620	OBJ_TO_PROP			
615	621	OBJ_TO_PROP			
616	617	NAME_TO_OBJ			
617	610	OBJ_TO_AST			
617	618	OBJ_TO_PROP			
617	619	OBJ_TO_PROP			
618	201	NAME_TO_OBJ			
618	201	NAME_TO_OBJ			
619	199	NAME_TO_OBJ			
620	212	NAME_TO_OBJ			
621	210	NAME_TO_OBJ			
622	615	NAME_TO_OBJ			
623	615	NAME_TO_OBJ			
624	626	ENTRY			
624	627	EXIT			
624	625	PARENT_OF			
624	628	PARENT_OF			
626	627	FLOWS_TO			
629	624	OBJ_TO_AST			
629	630	OBJ_TO_PROP			
629	634	OBJ_TO_PROP			
629	635	OBJ_TO_PROP			
629	650	OBJ_TO_PROP			
630	631	NAME_TO_OBJ			
631	624	OBJ_TO_AST			
631	632	OBJ_TO_PROP			
631	633	OBJ_TO_PROP			
631	663	OBJ_TO_PROP			
631	676	OBJ_TO_PROP			
631	689	OBJ_TO_PROP			
631	702	OBJ_TO_PROP			
631	715	OBJ_TO_PROP			
631	728	OBJ_TO_PROP			
631	741	OBJ_TO_PROP			
631	754	OBJ_TO_PROP			
631	767	OBJ_TO_PROP			
631	780	OBJ_TO_PROP			
631	793	OBJ_TO_PROP			
631	806	OBJ_TO_PROP			
631	819	OBJ_TO_PROP			
631	832	OBJ_TO_PROP			
631	845	OBJ_TO_PROP			
632	201	NAME_TO_OBJ			
632	201	NAME_TO_OBJ			
633	199	NAME_TO_OBJ			
634	212	NAME_TO_OBJ			
635	210	NAME_TO_OBJ			
636	629	NAME_TO_OBJ			
637	629	NAME_TO_OBJ			
638	640	ENTRY			
638	641	EXIT			
638	639	PARENT_OF			
638	642	PARENT_OF			
640	641	FLOWS_TO			
643	638	OBJ_TO_AST			
643	644	OBJ_TO_PROP			
643	648	OBJ_TO_PROP			
643	649	OBJ_TO_PROP			
644	645	NAME_TO_OBJ			
645	638	OBJ_TO_AST			
645	646	OBJ_TO_PROP			
645	647	OBJ_TO_PROP			
646	201	NAME_TO_OBJ			
647	199	NAME_TO_OBJ			
648	212	NAME_TO_OBJ			
649	210	NAME_TO_OBJ			
650	643	NAME_TO_OBJ			
651	653	ENTRY			
651	654	EXIT			
651	652	PARENT_OF			
651	655	PARENT_OF			
653	654	FLOWS_TO			
656	651	OBJ_TO_AST			
656	657	OBJ_TO_PROP			
656	661	OBJ_TO_PROP			
656	662	OBJ_TO_PROP			
657	658	NAME_TO_OBJ			
658	651	OBJ_TO_AST			
658	659	OBJ_TO_PROP			
658	660	OBJ_TO_PROP			
659	201	NAME_TO_OBJ			
660	199	NAME_TO_OBJ			
661	212	NAME_TO_OBJ			
662	210	NAME_TO_OBJ			
663	656	NAME_TO_OBJ			
664	666	ENTRY			
664	667	EXIT			
664	665	PARENT_OF			
664	668	PARENT_OF			
666	667	FLOWS_TO			
669	664	OBJ_TO_AST			
669	670	OBJ_TO_PROP			
669	674	OBJ_TO_PROP			
669	675	OBJ_TO_PROP			
670	671	NAME_TO_OBJ			
671	664	OBJ_TO_AST			
671	672	OBJ_TO_PROP			
671	673	OBJ_TO_PROP			
672	201	NAME_TO_OBJ			
673	199	NAME_TO_OBJ			
674	212	NAME_TO_OBJ			
675	210	NAME_TO_OBJ			
676	669	NAME_TO_OBJ			
677	679	ENTRY			
677	680	EXIT			
677	678	PARENT_OF			
677	681	PARENT_OF			
679	680	FLOWS_TO			
682	677	OBJ_TO_AST			
682	683	OBJ_TO_PROP			
682	687	OBJ_TO_PROP			
682	688	OBJ_TO_PROP			
683	684	NAME_TO_OBJ			
684	677	OBJ_TO_AST			
684	685	OBJ_TO_PROP			
684	686	OBJ_TO_PROP			
685	201	NAME_TO_OBJ			
686	199	NAME_TO_OBJ			
687	212	NAME_TO_OBJ			
688	210	NAME_TO_OBJ			
689	682	NAME_TO_OBJ			
690	692	ENTRY			
690	693	EXIT			
690	691	PARENT_OF			
690	694	PARENT_OF			
692	693	FLOWS_TO			
695	690	OBJ_TO_AST			
695	696	OBJ_TO_PROP			
695	700	OBJ_TO_PROP			
695	701	OBJ_TO_PROP			
696	697	NAME_TO_OBJ			
697	690	OBJ_TO_AST			
697	698	OBJ_TO_PROP			
697	699	OBJ_TO_PROP			
698	201	NAME_TO_OBJ			
699	199	NAME_TO_OBJ			
700	212	NAME_TO_OBJ			
701	210	NAME_TO_OBJ			
702	695	NAME_TO_OBJ			
703	705	ENTRY			
703	706	EXIT			
703	704	PARENT_OF			
703	707	PARENT_OF			
705	706	FLOWS_TO			
708	703	OBJ_TO_AST			
708	709	OBJ_TO_PROP			
708	713	OBJ_TO_PROP			
708	714	OBJ_TO_PROP			
709	710	NAME_TO_OBJ			
710	703	OBJ_TO_AST			
710	711	OBJ_TO_PROP			
710	712	OBJ_TO_PROP			
711	201	NAME_TO_OBJ			
712	199	NAME_TO_OBJ			
713	212	NAME_TO_OBJ			
714	210	NAME_TO_OBJ			
715	708	NAME_TO_OBJ			
716	718	ENTRY			
716	719	EXIT			
716	717	PARENT_OF			
716	720	PARENT_OF			
718	719	FLOWS_TO			
721	716	OBJ_TO_AST			
721	722	OBJ_TO_PROP			
721	726	OBJ_TO_PROP			
721	727	OBJ_TO_PROP			
722	723	NAME_TO_OBJ			
723	716	OBJ_TO_AST			
723	724	OBJ_TO_PROP			
723	725	OBJ_TO_PROP			
724	201	NAME_TO_OBJ			
725	199	NAME_TO_OBJ			
726	212	NAME_TO_OBJ			
727	210	NAME_TO_OBJ			
728	721	NAME_TO_OBJ			
729	731	ENTRY			
729	732	EXIT			
729	730	PARENT_OF			
729	733	PARENT_OF			
731	732	FLOWS_TO			
734	729	OBJ_TO_AST			
734	735	OBJ_TO_PROP			
734	739	OBJ_TO_PROP			
734	740	OBJ_TO_PROP			
735	736	NAME_TO_OBJ			
736	729	OBJ_TO_AST			
736	737	OBJ_TO_PROP			
736	738	OBJ_TO_PROP			
737	201	NAME_TO_OBJ			
738	199	NAME_TO_OBJ			
739	212	NAME_TO_OBJ			
740	210	NAME_TO_OBJ			
741	734	NAME_TO_OBJ			
742	744	ENTRY			
742	745	EXIT			
742	743	PARENT_OF			
742	746	PARENT_OF			
744	745	FLOWS_TO			
747	742	OBJ_TO_AST			
747	748	OBJ_TO_PROP			
747	752	OBJ_TO_PROP			
747	753	OBJ_TO_PROP			
748	749	NAME_TO_OBJ			
749	742	OBJ_TO_AST			
749	750	OBJ_TO_PROP			
749	751	OBJ_TO_PROP			
750	201	NAME_TO_OBJ			
751	199	NAME_TO_OBJ			
752	212	NAME_TO_OBJ			
753	210	NAME_TO_OBJ			
754	747	NAME_TO_OBJ			
755	757	ENTRY			
755	758	EXIT			
755	756	PARENT_OF			
755	759	PARENT_OF			
757	758	FLOWS_TO			
760	755	OBJ_TO_AST			
760	761	OBJ_TO_PROP			
760	765	OBJ_TO_PROP			
760	766	OBJ_TO_PROP			
761	762	NAME_TO_OBJ			
762	755	OBJ_TO_AST			
762	763	OBJ_TO_PROP			
762	764	OBJ_TO_PROP			
763	201	NAME_TO_OBJ			
764	199	NAME_TO_OBJ			
765	212	NAME_TO_OBJ			
766	210	NAME_TO_OBJ			
767	760	NAME_TO_OBJ			
768	770	ENTRY			
768	771	EXIT			
768	769	PARENT_OF			
768	772	PARENT_OF			
770	771	FLOWS_TO			
773	768	OBJ_TO_AST			
773	774	OBJ_TO_PROP			
773	778	OBJ_TO_PROP			
773	779	OBJ_TO_PROP			
774	775	NAME_TO_OBJ			
775	768	OBJ_TO_AST			
775	776	OBJ_TO_PROP			
775	777	OBJ_TO_PROP			
776	201	NAME_TO_OBJ			
777	199	NAME_TO_OBJ			
778	212	NAME_TO_OBJ			
779	210	NAME_TO_OBJ			
780	773	NAME_TO_OBJ			
781	783	ENTRY			
781	784	EXIT			
781	782	PARENT_OF			
781	785	PARENT_OF			
783	784	FLOWS_TO			
786	781	OBJ_TO_AST			
786	787	OBJ_TO_PROP			
786	791	OBJ_TO_PROP			
786	792	OBJ_TO_PROP			
787	788	NAME_TO_OBJ			
788	781	OBJ_TO_AST			
788	789	OBJ_TO_PROP			
788	790	OBJ_TO_PROP			
789	201	NAME_TO_OBJ			
790	199	NAME_TO_OBJ			
791	212	NAME_TO_OBJ			
792	210	NAME_TO_OBJ			
793	786	NAME_TO_OBJ			
794	796	ENTRY			
794	797	EXIT			
794	795	PARENT_OF			
794	798	PARENT_OF			
796	797	FLOWS_TO			
799	794	OBJ_TO_AST			
799	800	OBJ_TO_PROP			
799	804	OBJ_TO_PROP			
799	805	OBJ_TO_PROP			
800	801	NAME_TO_OBJ			
801	794	OBJ_TO_AST			
801	802	OBJ_TO_PROP			
801	803	OBJ_TO_PROP			
802	201	NAME_TO_OBJ			
803	199	NAME_TO_OBJ			
804	212	NAME_TO_OBJ			
805	210	NAME_TO_OBJ			
806	799	NAME_TO_OBJ			
807	809	ENTRY			
807	810	EXIT			
807	808	PARENT_OF			
807	811	PARENT_OF			
809	810	FLOWS_TO			
812	807	OBJ_TO_AST			
812	813	OBJ_TO_PROP			
812	817	OBJ_TO_PROP			
812	818	OBJ_TO_PROP			
813	814	NAME_TO_OBJ			
814	807	OBJ_TO_AST			
814	815	OBJ_TO_PROP			
814	816	OBJ_TO_PROP			
815	201	NAME_TO_OBJ			
816	199	NAME_TO_OBJ			
817	212	NAME_TO_OBJ			
818	210	NAME_TO_OBJ			
819	812	NAME_TO_OBJ			
820	822	ENTRY			
820	823	EXIT			
820	821	PARENT_OF			
820	824	PARENT_OF			
822	823	FLOWS_TO			
825	820	OBJ_TO_AST			
825	826	OBJ_TO_PROP			
825	830	OBJ_TO_PROP			
825	831	OBJ_TO_PROP			
826	827	NAME_TO_OBJ			
827	820	OBJ_TO_AST			
827	828	OBJ_TO_PROP			
827	829	OBJ_TO_PROP			
828	201	NAME_TO_OBJ			
829	199	NAME_TO_OBJ			
830	212	NAME_TO_OBJ			
831	210	NAME_TO_OBJ			
832	825	NAME_TO_OBJ			
833	835	ENTRY			
833	836	EXIT			
833	834	PARENT_OF			
833	837	PARENT_OF			
835	836	FLOWS_TO			
838	833	OBJ_TO_AST			
838	839	OBJ_TO_PROP			
838	843	OBJ_TO_PROP			
838	844	OBJ_TO_PROP			
839	840	NAME_TO_OBJ			
840	833	OBJ_TO_AST			
840	841	OBJ_TO_PROP			
840	842	OBJ_TO_PROP			
841	201	NAME_TO_OBJ			
842	199	NAME_TO_OBJ			
843	212	NAME_TO_OBJ			
844	210	NAME_TO_OBJ			
845	838	NAME_TO_OBJ			
846	848	ENTRY			
846	849	EXIT			
846	847	PARENT_OF			
846	850	PARENT_OF			
848	849	FLOWS_TO			
851	846	OBJ_TO_AST			
851	852	OBJ_TO_PROP			
851	856	OBJ_TO_PROP			
851	857	OBJ_TO_PROP			
852	853	NAME_TO_OBJ			
853	846	OBJ_TO_AST			
853	854	OBJ_TO_PROP			
853	855	OBJ_TO_PROP			
854	201	NAME_TO_OBJ			
854	201	NAME_TO_OBJ			
855	199	NAME_TO_OBJ			
856	212	NAME_TO_OBJ			
857	210	NAME_TO_OBJ			
858	851	NAME_TO_OBJ			
859	851	NAME_TO_OBJ			
860	862	ENTRY			
860	863	EXIT			
860	861	PARENT_OF			
860	864	PARENT_OF			
862	863	FLOWS_TO			
865	860	OBJ_TO_AST			
865	866	OBJ_TO_PROP			
865	870	OBJ_TO_PROP			
865	871	OBJ_TO_PROP			
866	867	NAME_TO_OBJ			
867	860	OBJ_TO_AST			
867	868	OBJ_TO_PROP			
867	869	OBJ_TO_PROP			
868	201	NAME_TO_OBJ			
868	201	NAME_TO_OBJ			
869	199	NAME_TO_OBJ			
870	212	NAME_TO_OBJ			
871	210	NAME_TO_OBJ			
872	865	NAME_TO_OBJ			
873	865	NAME_TO_OBJ			
874	876	ENTRY			
874	877	EXIT			
874	875	PARENT_OF			
874	878	PARENT_OF			
876	877	FLOWS_TO			
879	874	OBJ_TO_AST			
879	880	OBJ_TO_PROP			
879	884	OBJ_TO_PROP			
879	885	OBJ_TO_PROP			
880	881	NAME_TO_OBJ			
881	874	OBJ_TO_AST			
881	882	OBJ_TO_PROP			
881	883	OBJ_TO_PROP			
882	201	NAME_TO_OBJ			
883	199	NAME_TO_OBJ			
884	212	NAME_TO_OBJ			
885	210	NAME_TO_OBJ			
886	879	NAME_TO_OBJ			
887	879	NAME_TO_OBJ			
888	890	ENTRY			
888	891	EXIT			
888	889	PARENT_OF			
888	892	PARENT_OF			
890	891	FLOWS_TO			
893	888	OBJ_TO_AST			
893	894	OBJ_TO_PROP			
893	898	OBJ_TO_PROP			
893	899	OBJ_TO_PROP			
894	895	NAME_TO_OBJ			
895	888	OBJ_TO_AST			
895	896	OBJ_TO_PROP			
895	897	OBJ_TO_PROP			
896	201	NAME_TO_OBJ			
897	199	NAME_TO_OBJ			
898	212	NAME_TO_OBJ			
899	210	NAME_TO_OBJ			
900	893	NAME_TO_OBJ			
901	893	NAME_TO_OBJ			
902	904	ENTRY			
902	905	EXIT			
902	903	PARENT_OF			
902	906	PARENT_OF			
904	905	FLOWS_TO			
907	902	OBJ_TO_AST			
907	908	OBJ_TO_PROP			
907	912	OBJ_TO_PROP			
907	913	OBJ_TO_PROP			
908	909	NAME_TO_OBJ			
909	902	OBJ_TO_AST			
909	910	OBJ_TO_PROP			
909	911	OBJ_TO_PROP			
910	201	NAME_TO_OBJ			
911	199	NAME_TO_OBJ			
912	212	NAME_TO_OBJ			
913	210	NAME_TO_OBJ			
914	907	NAME_TO_OBJ			
915	907	NAME_TO_OBJ			
916	918	ENTRY			
916	919	EXIT			
916	917	PARENT_OF			
916	920	PARENT_OF			
918	919	FLOWS_TO			
921	916	OBJ_TO_AST			
921	922	OBJ_TO_PROP			
921	926	OBJ_TO_PROP			
921	927	OBJ_TO_PROP			
922	923	NAME_TO_OBJ			
923	916	OBJ_TO_AST			
923	924	OBJ_TO_PROP			
923	925	OBJ_TO_PROP			
924	201	NAME_TO_OBJ			
925	199	NAME_TO_OBJ			
926	212	NAME_TO_OBJ			
927	210	NAME_TO_OBJ			
928	921	NAME_TO_OBJ			
929	921	NAME_TO_OBJ			
930	932	ENTRY			
930	933	EXIT			
930	931	PARENT_OF			
930	934	PARENT_OF			
932	933	FLOWS_TO			
935	930	OBJ_TO_AST			
935	936	OBJ_TO_PROP			
935	940	OBJ_TO_PROP			
935	941	OBJ_TO_PROP			
936	937	NAME_TO_OBJ			
937	930	OBJ_TO_AST			
937	938	OBJ_TO_PROP			
937	939	OBJ_TO_PROP			
938	201	NAME_TO_OBJ			
939	199	NAME_TO_OBJ			
940	212	NAME_TO_OBJ			
941	210	NAME_TO_OBJ			
942	935	NAME_TO_OBJ			
943	935	NAME_TO_OBJ			
944	946	ENTRY			
944	947	EXIT			
944	945	PARENT_OF			
944	948	PARENT_OF			
946	947	FLOWS_TO			
949	944	OBJ_TO_AST			
949	950	OBJ_TO_PROP			
949	954	OBJ_TO_PROP			
949	955	OBJ_TO_PROP			
950	951	NAME_TO_OBJ			
951	944	OBJ_TO_AST			
951	952	OBJ_TO_PROP			
951	953	OBJ_TO_PROP			
952	201	NAME_TO_OBJ			
953	199	NAME_TO_OBJ			
954	212	NAME_TO_OBJ			
955	210	NAME_TO_OBJ			
956	949	NAME_TO_OBJ			
957	949	NAME_TO_OBJ			
958	960	ENTRY			
958	961	EXIT			
958	959	PARENT_OF			
958	962	PARENT_OF			
960	961	FLOWS_TO			
963	958	OBJ_TO_AST			
963	964	OBJ_TO_PROP			
963	968	OBJ_TO_PROP			
963	969	OBJ_TO_PROP			
964	965	NAME_TO_OBJ			
965	958	OBJ_TO_AST			
965	966	OBJ_TO_PROP			
965	967	OBJ_TO_PROP			
966	201	NAME_TO_OBJ			
967	199	NAME_TO_OBJ			
968	212	NAME_TO_OBJ			
969	210	NAME_TO_OBJ			
970	963	NAME_TO_OBJ			
971	963	NAME_TO_OBJ			
972	974	ENTRY			
972	975	EXIT			
972	973	PARENT_OF			
972	976	PARENT_OF			
974	975	FLOWS_TO			
977	972	OBJ_TO_AST			
977	978	OBJ_TO_PROP			
977	982	OBJ_TO_PROP			
977	983	OBJ_TO_PROP			
978	979	NAME_TO_OBJ			
979	972	OBJ_TO_AST			
979	980	OBJ_TO_PROP			
979	981	OBJ_TO_PROP			
980	201	NAME_TO_OBJ			
981	199	NAME_TO_OBJ			
982	212	NAME_TO_OBJ			
983	210	NAME_TO_OBJ			
984	977	NAME_TO_OBJ			
985	977	NAME_TO_OBJ			
986	988	ENTRY			
986	989	EXIT			
986	987	PARENT_OF			
986	990	PARENT_OF			
988	989	FLOWS_TO			
991	986	OBJ_TO_AST			
991	992	OBJ_TO_PROP			
991	996	OBJ_TO_PROP			
991	997	OBJ_TO_PROP			
992	993	NAME_TO_OBJ			
993	986	OBJ_TO_AST			
993	994	OBJ_TO_PROP			
993	995	OBJ_TO_PROP			
994	201	NAME_TO_OBJ			
995	199	NAME_TO_OBJ			
996	212	NAME_TO_OBJ			
997	210	NAME_TO_OBJ			
998	991	NAME_TO_OBJ			
999	991	NAME_TO_OBJ			
1000	1002	ENTRY			
1000	1003	EXIT			
1000	1001	PARENT_OF			
1000	1004	PARENT_OF			
1002	1003	FLOWS_TO			
1005	1000	OBJ_TO_AST			
1005	1006	OBJ_TO_PROP			
1005	1010	OBJ_TO_PROP			
1005	1011	OBJ_TO_PROP			
1006	1007	NAME_TO_OBJ			
1007	1000	OBJ_TO_AST			
1007	1008	OBJ_TO_PROP			
1007	1009	OBJ_TO_PROP			
1008	201	NAME_TO_OBJ			
1009	199	NAME_TO_OBJ			
1010	212	NAME_TO_OBJ			
1011	210	NAME_TO_OBJ			
1012	1005	NAME_TO_OBJ			
1013	1005	NAME_TO_OBJ			
1014	1016	ENTRY			
1014	1017	EXIT			
1014	1015	PARENT_OF			
1014	1018	PARENT_OF			
1016	1017	FLOWS_TO			
1019	1014	OBJ_TO_AST			
1019	1020	OBJ_TO_PROP			
1019	1024	OBJ_TO_PROP			
1019	1025	OBJ_TO_PROP			
1020	1021	NAME_TO_OBJ			
1021	1014	OBJ_TO_AST			
1021	1022	OBJ_TO_PROP			
1021	1023	OBJ_TO_PROP			
1022	201	NAME_TO_OBJ			
1023	199	NAME_TO_OBJ			
1024	212	NAME_TO_OBJ			
1025	210	NAME_TO_OBJ			
1026	1019	NAME_TO_OBJ			
1027	1019	NAME_TO_OBJ			
1028	1030	ENTRY			
1028	1031	EXIT			
1028	1029	PARENT_OF			
1028	1032	PARENT_OF			
1030	1031	FLOWS_TO			
1033	1028	OBJ_TO_AST			
1033	1034	OBJ_TO_PROP			
1033	1038	OBJ_TO_PROP			
1033	1039	OBJ_TO_PROP			
1034	1035	NAME_TO_OBJ			
1035	1028	OBJ_TO_AST			
1035	1036	OBJ_TO_PROP			
1035	1037	OBJ_TO_PROP			
1036	201	NAME_TO_OBJ			
1037	199	NAME_TO_OBJ			
1038	212	NAME_TO_OBJ			
1039	210	NAME_TO_OBJ			
1040	1033	NAME_TO_OBJ			
1041	1033	NAME_TO_OBJ			
1042	1044	ENTRY			
1042	1045	EXIT			
1042	1043	PARENT_OF			
1042	1046	PARENT_OF			
1044	1045	FLOWS_TO			
1047	1042	OBJ_TO_AST			
1047	1048	OBJ_TO_PROP			
1047	1052	OBJ_TO_PROP			
1047	1053	OBJ_TO_PROP			
1048	1049	NAME_TO_OBJ			
1049	1042	OBJ_TO_AST			
1049	1050	OBJ_TO_PROP			
1049	1051	OBJ_TO_PROP			
1050	201	NAME_TO_OBJ			
1051	199	NAME_TO_OBJ			
1052	212	NAME_TO_OBJ			
1053	210	NAME_TO_OBJ			
1054	1047	NAME_TO_OBJ			
1055	1047	NAME_TO_OBJ			
1056	1058	ENTRY			
1056	1059	EXIT			
1056	1057	PARENT_OF			
1056	1060	PARENT_OF			
1058	1059	FLOWS_TO			
1059	18	FLOWS_TO			
1059	5	FLOWS_TO			
1061	1056	OBJ_TO_AST			
1061	1062	OBJ_TO_PROP			
1061	1066	OBJ_TO_PROP			
1061	1067	OBJ_TO_PROP			
1062	1063	NAME_TO_OBJ			
1063	1056	OBJ_TO_AST			
1063	1064	OBJ_TO_PROP			
1063	1065	OBJ_TO_PROP			
1064	201	NAME_TO_OBJ			
1065	199	NAME_TO_OBJ			
1066	212	NAME_TO_OBJ			
1067	210	NAME_TO_OBJ			
1068	1061	NAME_TO_OBJ			
1069	1061	NAME_TO_OBJ			
1070	1071	NAME_TO_OBJ			
1071	1072	OBJ_TO_PROP			
1071	1073	OBJ_TO_PROP			
1071	1087	OBJ_TO_PROP			
1071	1100	OBJ_TO_PROP			
1072	201	NAME_TO_OBJ			
1073	199	NAME_TO_OBJ			
1074	1071	NAME_TO_OBJ			
1075	1077	ENTRY			
1075	1078	EXIT			
1075	1076	PARENT_OF			
1075	1079	PARENT_OF			
1077	1078	FLOWS_TO			
1080	1075	OBJ_TO_AST			
1080	1081	OBJ_TO_PROP			
1080	1085	OBJ_TO_PROP			
1080	1086	OBJ_TO_PROP			
1081	1082	NAME_TO_OBJ			
1082	1075	OBJ_TO_AST			
1082	1083	OBJ_TO_PROP			
1082	1084	OBJ_TO_PROP			
1083	201	NAME_TO_OBJ			
1084	199	NAME_TO_OBJ			
1085	212	NAME_TO_OBJ			
1086	210	NAME_TO_OBJ			
1087	1080	NAME_TO_OBJ			
1088	1090	ENTRY			
1088	1091	EXIT			
1088	1089	PARENT_OF			
1088	1092	PARENT_OF			
1090	1091	FLOWS_TO			
1093	1088	OBJ_TO_AST			
1093	1094	OBJ_TO_PROP			
1093	1098	OBJ_TO_PROP			
1093	1099	OBJ_TO_PROP			
1094	1095	NAME_TO_OBJ			
1095	1088	OBJ_TO_AST			
1095	1096	OBJ_TO_PROP			
1095	1097	OBJ_TO_PROP			
1096	201	NAME_TO_OBJ			
1097	199	NAME_TO_OBJ			
1098	212	NAME_TO_OBJ			
1099	210	NAME_TO_OBJ			
1100	1093	NAME_TO_OBJ			
1101	1102	NAME_TO_OBJ			
1102	1103	OBJ_TO_PROP			
1102	1104	OBJ_TO_PROP			
1102	1106	OBJ_TO_PROP			
1102	1110	OBJ_TO_PROP			
1102	1120	OBJ_TO_PROP			
1102	1126	OBJ_TO_PROP			
1103	201	NAME_TO_OBJ			
1104	199	NAME_TO_OBJ			
1105	1102	NAME_TO_OBJ			
1106	1107	NAME_TO_OBJ			
1107	1108	OBJ_TO_PROP			
1107	1109	OBJ_TO_PROP			
1108	631	NAME_TO_OBJ			
1109	629	NAME_TO_OBJ			
1110	1111	NAME_TO_OBJ			
1111	1112	OBJ_TO_PROP			
1111	1113	OBJ_TO_PROP			
1111	1114	OBJ_TO_PROP			
1112	201	NAME_TO_OBJ			
1113	199	NAME_TO_OBJ			
1114	1115	NAME_TO_OBJ			
1115	1116	OBJ_TO_PROP			
1115	1117	OBJ_TO_PROP			
1115	1118	OBJ_TO_PROP			
1116	408	NAME_TO_OBJ			
1117	406	NAME_TO_OBJ			
1118	1119	NAME_TO_OBJ			
1120	1121	NAME_TO_OBJ			
1121	1122	OBJ_TO_PROP			
1121	1123	OBJ_TO_PROP			
1121	1124	OBJ_TO_PROP			
1122	408	NAME_TO_OBJ			
1123	406	NAME_TO_OBJ			
1124	1125	NAME_TO_OBJ			
1126	1127	NAME_TO_OBJ			
1127	1128	OBJ_TO_PROP			
1127	1129	OBJ_TO_PROP			
1127	1130	OBJ_TO_PROP			
1128	408	NAME_TO_OBJ			
1129	406	NAME_TO_OBJ			
1130	1131	NAME_TO_OBJ			
1132	1133	NAME_TO_OBJ			
1133	1134	OBJ_TO_PROP			
1133	1135	OBJ_TO_PROP			
1133	1149	OBJ_TO_PROP			
1133	1162	OBJ_TO_PROP			
1134	201	NAME_TO_OBJ			
1135	199	NAME_TO_OBJ			
1136	1133	NAME_TO_OBJ			
1137	1139	ENTRY			
1137	1140	EXIT			
1137	1138	PARENT_OF			
1137	1141	PARENT_OF			
1139	1140	FLOWS_TO			
1142	1137	OBJ_TO_AST			
1142	1143	OBJ_TO_PROP			
1142	1147	OBJ_TO_PROP			
1142	1148	OBJ_TO_PROP			
1143	1144	NAME_TO_OBJ			
1144	1137	OBJ_TO_AST			
1144	1145	OBJ_TO_PROP			
1144	1146	OBJ_TO_PROP			
1145	201	NAME_TO_OBJ			
1146	199	NAME_TO_OBJ			
1147	212	NAME_TO_OBJ			
1148	210	NAME_TO_OBJ			
1149	1142	NAME_TO_OBJ			
1150	1152	ENTRY			
1150	1153	EXIT			
1150	1151	PARENT_OF			
1150	1154	PARENT_OF			
1152	1153	FLOWS_TO			
1155	1150	OBJ_TO_AST			
1155	1156	OBJ_TO_PROP			
1155	1160	OBJ_TO_PROP			
1155	1161	OBJ_TO_PROP			
1156	1157	NAME_TO_OBJ			
1157	1150	OBJ_TO_AST			
1157	1158	OBJ_TO_PROP			
1157	1159	OBJ_TO_PROP			
1158	201	NAME_TO_OBJ			
1159	199	NAME_TO_OBJ			
1160	212	NAME_TO_OBJ			
1161	210	NAME_TO_OBJ			
1162	1155	NAME_TO_OBJ			
1163	1165	ENTRY			
1163	1166	EXIT			
1163	1164	PARENT_OF			
1163	1167	PARENT_OF			
1165	1166	FLOWS_TO			
1168	1163	OBJ_TO_AST			
1168	1169	OBJ_TO_PROP			
1168	1173	OBJ_TO_PROP			
1168	1174	OBJ_TO_PROP			
1169	1170	NAME_TO_OBJ			
1170	1163	OBJ_TO_AST			
1170	1171	OBJ_TO_PROP			
1170	1172	OBJ_TO_PROP			
1170	1189	OBJ_TO_PROP			
1170	1202	OBJ_TO_PROP			
1171	201	NAME_TO_OBJ			
1172	199	NAME_TO_OBJ			
1173	212	NAME_TO_OBJ			
1174	210	NAME_TO_OBJ			
1175	1168	NAME_TO_OBJ			
1176	1168	NAME_TO_OBJ			
1177	1179	ENTRY			
1177	1180	EXIT			
1177	1178	PARENT_OF			
1177	1181	PARENT_OF			
1179	1180	FLOWS_TO			
1182	1177	OBJ_TO_AST			
1182	1183	OBJ_TO_PROP			
1182	1187	OBJ_TO_PROP			
1182	1188	OBJ_TO_PROP			
1183	1184	NAME_TO_OBJ			
1184	1177	OBJ_TO_AST			
1184	1185	OBJ_TO_PROP			
1184	1186	OBJ_TO_PROP			
1185	201	NAME_TO_OBJ			
1186	199	NAME_TO_OBJ			
1187	212	NAME_TO_OBJ			
1188	210	NAME_TO_OBJ			
1189	1182	NAME_TO_OBJ			
1190	1192	ENTRY			
1190	1193	EXIT			
1190	1191	PARENT_OF			
1190	1194	PARENT_OF			
1192	1193	FLOWS_TO			
1195	1190	OBJ_TO_AST			
1195	1196	OBJ_TO_PROP			
1195	1200	OBJ_TO_PROP			
1195	1201	OBJ_TO_PROP			
1196	1197	NAME_TO_OBJ			
1197	1190	OBJ_TO_AST			
1197	1198	OBJ_TO_PROP			
1197	1199	OBJ_TO_PROP			
1198	201	NAME_TO_OBJ			
1199	199	NAME_TO_OBJ			
1200	212	NAME_TO_OBJ			
1201	210	NAME_TO_OBJ			
1202	1195	NAME_TO_OBJ			
1203	1204	NAME_TO_OBJ			
1204	1205	OBJ_TO_PROP			
1204	1206	OBJ_TO_PROP			
1204	1220	OBJ_TO_PROP			
1204	1233	OBJ_TO_PROP			
1204	1246	OBJ_TO_PROP			
1205	201	NAME_TO_OBJ			
1206	199	NAME_TO_OBJ			
1207	1204	NAME_TO_OBJ			
1208	1210	ENTRY			
1208	1211	EXIT			
1208	1209	PARENT_OF			
1208	1212	PARENT_OF			
1210	1211	FLOWS_TO			
1213	1208	OBJ_TO_AST			
1213	1214	OBJ_TO_PROP			
1213	1218	OBJ_TO_PROP			
1213	1219	OBJ_TO_PROP			
1214	1215	NAME_TO_OBJ			
1215	1208	OBJ_TO_AST			
1215	1216	OBJ_TO_PROP			
1215	1217	OBJ_TO_PROP			
1216	201	NAME_TO_OBJ			
1217	199	NAME_TO_OBJ			
1218	212	NAME_TO_OBJ			
1219	210	NAME_TO_OBJ			
1220	1213	NAME_TO_OBJ			
1221	1223	ENTRY			
1221	1224	EXIT			
1221	1222	PARENT_OF			
1221	1225	PARENT_OF			
1223	1224	FLOWS_TO			
1226	1221	OBJ_TO_AST			
1226	1227	OBJ_TO_PROP			
1226	1231	OBJ_TO_PROP			
1226	1232	OBJ_TO_PROP			
1227	1228	NAME_TO_OBJ			
1228	1221	OBJ_TO_AST			
1228	1229	OBJ_TO_PROP			
1228	1230	OBJ_TO_PROP			
1229	201	NAME_TO_OBJ			
1230	199	NAME_TO_OBJ			
1231	212	NAME_TO_OBJ			
1232	210	NAME_TO_OBJ			
1233	1226	NAME_TO_OBJ			
1234	1236	ENTRY			
1234	1237	EXIT			
1234	1235	PARENT_OF			
1234	1238	PARENT_OF			
1236	1237	FLOWS_TO			
1239	1234	OBJ_TO_AST			
1239	1240	OBJ_TO_PROP			
1239	1244	OBJ_TO_PROP			
1239	1245	OBJ_TO_PROP			
1240	1241	NAME_TO_OBJ			
1241	1234	OBJ_TO_AST			
1241	1242	OBJ_TO_PROP			
1241	1243	OBJ_TO_PROP			
1242	201	NAME_TO_OBJ			
1243	199	NAME_TO_OBJ			
1244	212	NAME_TO_OBJ			
1245	210	NAME_TO_OBJ			
1246	1239	NAME_TO_OBJ			
1247	1249	ENTRY			
1247	1250	EXIT			
1247	1248	PARENT_OF			
1247	1251	PARENT_OF			
1249	1250	FLOWS_TO			
1252	1247	OBJ_TO_AST			
1252	1253	OBJ_TO_PROP			
1252	1257	OBJ_TO_PROP			
1252	1258	OBJ_TO_PROP			
1252	1312	OBJ_TO_PROP			
1253	1254	NAME_TO_OBJ			
1254	1247	OBJ_TO_AST			
1254	1255	OBJ_TO_PROP			
1254	1256	OBJ_TO_PROP			
1254	1273	OBJ_TO_PROP			
1254	1286	OBJ_TO_PROP			
1254	1299	OBJ_TO_PROP			
1255	201	NAME_TO_OBJ			
1256	199	NAME_TO_OBJ			
1257	212	NAME_TO_OBJ			
1258	210	NAME_TO_OBJ			
1259	1252	NAME_TO_OBJ			
1260	1252	NAME_TO_OBJ			
1261	1263	ENTRY			
1261	1264	EXIT			
1261	1262	PARENT_OF			
1261	1265	PARENT_OF			
1263	1264	FLOWS_TO			
1266	1261	OBJ_TO_AST			
1266	1267	OBJ_TO_PROP			
1266	1271	OBJ_TO_PROP			
1266	1272	OBJ_TO_PROP			
1267	1268	NAME_TO_OBJ			
1268	1261	OBJ_TO_AST			
1268	1269	OBJ_TO_PROP			
1268	1270	OBJ_TO_PROP			
1269	201	NAME_TO_OBJ			
1270	199	NAME_TO_OBJ			
1271	212	NAME_TO_OBJ			
1272	210	NAME_TO_OBJ			
1273	1266	NAME_TO_OBJ			
1274	1276	ENTRY			
1274	1277	EXIT			
1274	1275	PARENT_OF			
1274	1278	PARENT_OF			
1276	1277	FLOWS_TO			
1279	1274	OBJ_TO_AST			
1279	1280	OBJ_TO_PROP			
1279	1284	OBJ_TO_PROP			
1279	1285	OBJ_TO_PROP			
1280	1281	NAME_TO_OBJ			
1281	1274	OBJ_TO_AST			
1281	1282	OBJ_TO_PROP			
1281	1283	OBJ_TO_PROP			
1282	201	NAME_TO_OBJ			
1283	199	NAME_TO_OBJ			
1284	212	NAME_TO_OBJ			
1285	210	NAME_TO_OBJ			
1286	1279	NAME_TO_OBJ			
1287	1289	ENTRY			
1287	1290	EXIT			
1287	1288	PARENT_OF			
1287	1291	PARENT_OF			
1289	1290	FLOWS_TO			
1292	1287	OBJ_TO_AST			
1292	1293	OBJ_TO_PROP			
1292	1297	OBJ_TO_PROP			
1292	1298	OBJ_TO_PROP			
1293	1294	NAME_TO_OBJ			
1294	1287	OBJ_TO_AST			
1294	1295	OBJ_TO_PROP			
1294	1296	OBJ_TO_PROP			
1295	201	NAME_TO_OBJ			
1296	199	NAME_TO_OBJ			
1297	212	NAME_TO_OBJ			
1298	210	NAME_TO_OBJ			
1299	1292	NAME_TO_OBJ			
1300	1302	ENTRY			
1300	1303	EXIT			
1300	1301	PARENT_OF			
1300	1304	PARENT_OF			
1302	1303	FLOWS_TO			
1305	1300	OBJ_TO_AST			
1305	1306	OBJ_TO_PROP			
1305	1310	OBJ_TO_PROP			
1305	1311	OBJ_TO_PROP			
1306	1307	NAME_TO_OBJ			
1307	1300	OBJ_TO_AST			
1307	1308	OBJ_TO_PROP			
1307	1309	OBJ_TO_PROP			
1308	201	NAME_TO_OBJ			
1309	199	NAME_TO_OBJ			
1310	212	NAME_TO_OBJ			
1311	210	NAME_TO_OBJ			
1312	1305	NAME_TO_OBJ			
1313	1315	ENTRY			
1313	1316	EXIT			
1313	1314	PARENT_OF			
1313	1317	PARENT_OF			
1315	1316	FLOWS_TO			
1318	1313	OBJ_TO_AST			
1318	1319	OBJ_TO_PROP			
1318	1323	OBJ_TO_PROP			
1318	1324	OBJ_TO_PROP			
1319	1320	NAME_TO_OBJ			
1320	1313	OBJ_TO_AST			
1320	1321	OBJ_TO_PROP			
1320	1322	OBJ_TO_PROP			
1321	201	NAME_TO_OBJ			
1322	199	NAME_TO_OBJ			
1323	212	NAME_TO_OBJ			
1324	210	NAME_TO_OBJ			
1325	1318	NAME_TO_OBJ			
1326	1318	NAME_TO_OBJ			
1327	1328	NAME_TO_OBJ			
1328	1329	OBJ_TO_PROP			
1328	1330	OBJ_TO_PROP			
1329	201	NAME_TO_OBJ			
1330	199	NAME_TO_OBJ			
1331	1328	NAME_TO_OBJ			
1332	1589	CONTRIBUTES_TO			
1333	1332	NAME_TO_OBJ			
1334	1332	NAME_TO_OBJ			
1336	1335	NAME_TO_OBJ			
1337	1335	NAME_TO_OBJ			
1340	1339	NAME_TO_OBJ			
1341	1339	NAME_TO_OBJ			
1342	1	OBJ_TO_AST			
1342	1343	OBJ_TO_PROP			
1342	1347	OBJ_TO_PROP			
1342	1348	OBJ_TO_PROP			
1342	1351	OBJ_TO_PROP			
1342	1357	OBJ_TO_PROP			
1342	1359	OBJ_TO_SCOPE			
1343	1344	NAME_TO_OBJ			
1344	1	OBJ_TO_AST			
1344	1345	OBJ_TO_PROP			
1344	1346	OBJ_TO_PROP			
1345	201	NAME_TO_OBJ			
1346	199	NAME_TO_OBJ			
1347	212	NAME_TO_OBJ			
1348	210	NAME_TO_OBJ			
1349	1342	NAME_TO_OBJ			
1350	1342	NAME_TO_OBJ			
1351	1352	NAME_TO_OBJ			
1352	1	OBJ_TO_AST			
1352	1353	OBJ_TO_PROP			
1352	1354	OBJ_TO_PROP			
1352	1355	OBJ_TO_PROP			
1353	408	NAME_TO_OBJ			
1354	406	NAME_TO_OBJ			
1355	1356	NAME_TO_OBJ			
1357	1358	NAME_TO_OBJ			
1358	1	OBJ_TO_AST			
1359	1	SCOPE_TO_AST			
1359	1360	SCOPE_TO_VAR			
1359	1368	SCOPE_TO_VAR			
1359	1369	SCOPE_TO_VAR			
1359	1370	PARENT_SCOPE_OF			
1359	1371	SCOPE_TO_VAR			
1360	1361	NAME_TO_OBJ			
1361	1	OBJ_TO_AST			
1361	1362	OBJ_TO_PROP			
1361	1363	OBJ_TO_PROP			
1361	1364	OBJ_TO_PROP			
1362	201	NAME_TO_OBJ			
1363	199	NAME_TO_OBJ			
1364	1365	NAME_TO_OBJ			
1365	1	OBJ_TO_AST			
1365	1366	OBJ_TO_PROP			
1365	1367	OBJ_TO_PROP			
1366	201	NAME_TO_OBJ			
1367	199	NAME_TO_OBJ			
1368	1365	NAME_TO_OBJ			
1369	1365	NAME_TO_OBJ			
1370	4	SCOPE_TO_AST			
1371	1417	NAME_TO_OBJ			
1372	14	OBJ_TO_AST			
1372	1373	OBJ_TO_PROP			
1372	1377	OBJ_TO_PROP			
1372	1378	OBJ_TO_PROP			
1372	1381	OBJ_TO_PROP			
1372	1387	OBJ_TO_PROP			
1372	1389	OBJ_TO_SCOPE			
1373	1374	NAME_TO_OBJ			
1374	14	OBJ_TO_AST			
1374	1375	OBJ_TO_PROP			
1374	1376	OBJ_TO_PROP			
1375	201	NAME_TO_OBJ			
1376	199	NAME_TO_OBJ			
1377	212	NAME_TO_OBJ			
1378	210	NAME_TO_OBJ			
1379	1372	NAME_TO_OBJ			
1380	1372	NAME_TO_OBJ			
1381	1382	NAME_TO_OBJ			
1382	14	OBJ_TO_AST			
1382	1383	OBJ_TO_PROP			
1382	1384	OBJ_TO_PROP			
1382	1385	OBJ_TO_PROP			
1383	408	NAME_TO_OBJ			
1384	406	NAME_TO_OBJ			
1385	1386	NAME_TO_OBJ			
1387	1388	NAME_TO_OBJ			
1388	14	OBJ_TO_AST			
1389	14	SCOPE_TO_AST			
1389	1390	SCOPE_TO_VAR			
1389	1398	SCOPE_TO_VAR			
1389	1399	SCOPE_TO_VAR			
1389	1400	PARENT_SCOPE_OF			
1389	1408	SCOPE_TO_VAR			
1389	1424	SCOPE_TO_VAR			
1390	1391	NAME_TO_OBJ			
1391	14	OBJ_TO_AST			
1391	1392	OBJ_TO_PROP			
1391	1393	OBJ_TO_PROP			
1391	1394	OBJ_TO_PROP			
1392	201	NAME_TO_OBJ			
1393	199	NAME_TO_OBJ			
1394	1417	NAME_TO_OBJ			
1395	14	OBJ_TO_AST			
1395	1396	OBJ_TO_PROP			
1395	1397	OBJ_TO_PROP			
1396	201	NAME_TO_OBJ			
1397	199	NAME_TO_OBJ			
1398	1395	NAME_TO_OBJ			
1399	1395	NAME_TO_OBJ			
1400	17	SCOPE_TO_AST			
1400	1433	SCOPE_TO_VAR			
1400	1434	PARENT_SCOPE_OF			
1400	1452	PARENT_SCOPE_OF			
1401	26	OBJ_TO_AST			
1401	1402	OBJ_TO_PROP			
1401	1406	OBJ_TO_PROP			
1401	1407	OBJ_TO_PROP			
1401	1409	OBJ_TO_PROP			
1401	1415	OBJ_TO_PROP			
1401	1452	OBJ_TO_SCOPE			
1402	1403	NAME_TO_OBJ			
1403	26	OBJ_TO_AST			
1403	1404	OBJ_TO_PROP			
1403	1405	OBJ_TO_PROP			
1404	201	NAME_TO_OBJ			
1405	199	NAME_TO_OBJ			
1406	212	NAME_TO_OBJ			
1407	210	NAME_TO_OBJ			
1408	1401	NAME_TO_OBJ			
1409	1410	NAME_TO_OBJ			
1410	26	OBJ_TO_AST			
1410	1411	OBJ_TO_PROP			
1410	1412	OBJ_TO_PROP			
1410	1413	OBJ_TO_PROP			
1411	408	NAME_TO_OBJ			
1412	406	NAME_TO_OBJ			
1413	1414	NAME_TO_OBJ			
1415	1416	NAME_TO_OBJ			
1416	26	OBJ_TO_AST			
1417	101	OBJ_TO_AST			
1417	1418	OBJ_TO_PROP			
1417	1422	OBJ_TO_PROP			
1417	1423	OBJ_TO_PROP			
1417	1425	OBJ_TO_PROP			
1417	1431	OBJ_TO_PROP			
1417	1434	OBJ_TO_SCOPE			
1418	1419	NAME_TO_OBJ			
1419	101	OBJ_TO_AST			
1419	1420	OBJ_TO_PROP			
1419	1421	OBJ_TO_PROP			
1420	201	NAME_TO_OBJ			
1421	199	NAME_TO_OBJ			
1422	212	NAME_TO_OBJ			
1423	210	NAME_TO_OBJ			
1424	1417	NAME_TO_OBJ			
1425	1426	NAME_TO_OBJ			
1426	101	OBJ_TO_AST			
1426	1427	OBJ_TO_PROP			
1426	1428	OBJ_TO_PROP			
1426	1429	OBJ_TO_PROP			
1427	408	NAME_TO_OBJ			
1428	406	NAME_TO_OBJ			
1429	1430	NAME_TO_OBJ			
1431	1432	NAME_TO_OBJ			
1432	101	OBJ_TO_AST			
1433	1557	NAME_TO_OBJ			
1434	101	SCOPE_TO_AST			
1434	1435	SCOPE_TO_VAR			
1434	1439	SCOPE_TO_VAR			
1434	1442	SCOPE_TO_VAR			
1434	1451	PARENT_SCOPE_OF			
1435	1436	NAME_TO_OBJ			
1436	101	OBJ_TO_AST			
1439	1440	NAME_TO_OBJ			
1440	107	OBJ_TO_AST			
1440	1471	CONTRIBUTES_TO			
1440	1492	CONTRIBUTES_TO			
1440	1497	CONTRIBUTES_TO			
1440	1502	CONTRIBUTES_TO			
1442	1443	NAME_TO_OBJ			
1443	111	OBJ_TO_AST			
1443	1477	CONTRIBUTES_TO			
1443	1492	CONTRIBUTES_TO			
1443	1507	CONTRIBUTES_TO			
1449	101	OBJ_DECL			
1449	1450	OBJ_TO_PROP			
1450	1419	NAME_TO_OBJ			
1451	115	SCOPE_TO_AST			
1451	1522	SCOPE_TO_VAR			
1451	1523	SCOPE_TO_VAR			
1451	1542	PARENT_SCOPE_OF			
1451	1572	PARENT_SCOPE_OF			
1451	1604	PARENT_SCOPE_OF			
1451	1631	PARENT_SCOPE_OF			
1451	1651	PARENT_SCOPE_OF			
1451	1652	PARENT_SCOPE_OF			
1452	26	SCOPE_TO_AST			
1452	119	SCOPE_TO_CALLER			
1452	1453	SCOPE_TO_VAR			
1452	1458	SCOPE_TO_VAR			
1452	1460	SCOPE_TO_VAR			
1452	1465	PARENT_SCOPE_OF			
1453	1454	NAME_TO_OBJ			
1454	26	OBJ_TO_AST			
1458	1440	NAME_TO_OBJ			
1458	1471	NAME_TO_OBJ			
1458	191	NAME_TO_OBJ			
1458	188	NAME_TO_OBJ			
1460	1443	NAME_TO_OBJ			
1460	191	NAME_TO_OBJ			
1460	188	NAME_TO_OBJ			
1461	119	OBJ_TO_AST			
1465	40	SCOPE_TO_AST			
1465	1466	SCOPE_TO_VAR			
1465	1468	PARENT_SCOPE_OF			
1465	1469	PARENT_SCOPE_OF			
1466	1477	NAME_TO_OBJ			
1466	1482	NAME_TO_OBJ			
1466	1487	NAME_TO_OBJ			
1466	1492	NAME_TO_OBJ			
1466	1497	NAME_TO_OBJ			
1466	1502	NAME_TO_OBJ			
1466	1507	NAME_TO_OBJ			
1466	1512	NAME_TO_OBJ			
1466	1517	NAME_TO_OBJ			
1467	41	OBJ_TO_AST			
1468	51	SCOPE_TO_AST			
1469	62	SCOPE_TO_AST			
1469	1470	PARENT_SCOPE_OF			
1469	1476	PARENT_SCOPE_OF			
1470	70	SCOPE_TO_AST			
1471	71	OBJ_TO_AST			
1471	1472	OBJ_TO_PROP			
1471	1473	OBJ_TO_PROP			
1471	1474	OBJ_TO_PROP			
1471	1492	CONTRIBUTES_TO			
1471	1497	CONTRIBUTES_TO			
1471	1502	CONTRIBUTES_TO			
1472	408	NAME_TO_OBJ			
1473	406	NAME_TO_OBJ			
1474	1475	NAME_TO_OBJ			
1476	80	SCOPE_TO_AST			
1477	88	OBJ_TO_AST			
1477	1478	OBJ_TO_PROP			
1477	1479	OBJ_TO_PROP			
1477	1480	OBJ_TO_PROP			
1477	1554	CONTRIBUTES_TO			
1477	1616	CONTRIBUTES_TO			
1478	408	NAME_TO_OBJ			
1479	406	NAME_TO_OBJ			
1480	1481	NAME_TO_OBJ			
1482	88	OBJ_TO_AST			
1482	1483	OBJ_TO_PROP			
1482	1484	OBJ_TO_PROP			
1482	1485	OBJ_TO_PROP			
1482	1554	CONTRIBUTES_TO			
1482	1616	CONTRIBUTES_TO			
1483	408	NAME_TO_OBJ			
1484	406	NAME_TO_OBJ			
1485	1486	NAME_TO_OBJ			
1487	88	OBJ_TO_AST			
1487	1488	OBJ_TO_PROP			
1487	1489	OBJ_TO_PROP			
1487	1490	OBJ_TO_PROP			
1487	1554	CONTRIBUTES_TO			
1487	1616	CONTRIBUTES_TO			
1488	408	NAME_TO_OBJ			
1489	406	NAME_TO_OBJ			
1490	1491	NAME_TO_OBJ			
1492	88	OBJ_TO_AST			
1492	1493	OBJ_TO_PROP			
1492	1494	OBJ_TO_PROP			
1492	1495	OBJ_TO_PROP			
1492	1554	CONTRIBUTES_TO			
1492	1616	CONTRIBUTES_TO			
1493	408	NAME_TO_OBJ			
1494	406	NAME_TO_OBJ			
1495	1496	NAME_TO_OBJ			
1497	88	OBJ_TO_AST			
1497	1498	OBJ_TO_PROP			
1497	1499	OBJ_TO_PROP			
1497	1500	OBJ_TO_PROP			
1497	1554	CONTRIBUTES_TO			
1497	1616	CONTRIBUTES_TO			
1498	408	NAME_TO_OBJ			
1499	406	NAME_TO_OBJ			
1500	1501	NAME_TO_OBJ			
1502	88	OBJ_TO_AST			
1502	1503	OBJ_TO_PROP			
1502	1504	OBJ_TO_PROP			
1502	1505	OBJ_TO_PROP			
1502	1554	CONTRIBUTES_TO			
1502	1616	CONTRIBUTES_TO			
1503	408	NAME_TO_OBJ			
1504	406	NAME_TO_OBJ			
1505	1506	NAME_TO_OBJ			
1507	88	OBJ_TO_AST			
1507	1508	OBJ_TO_PROP			
1507	1509	OBJ_TO_PROP			
1507	1510	OBJ_TO_PROP			
1507	1554	CONTRIBUTES_TO			
1507	1616	CONTRIBUTES_TO			
1508	408	NAME_TO_OBJ			
1509	406	NAME_TO_OBJ			
1510	1511	NAME_TO_OBJ			
1512	88	OBJ_TO_AST			
1512	1513	OBJ_TO_PROP			
1512	1514	OBJ_TO_PROP			
1512	1515	OBJ_TO_PROP			
1512	1554	CONTRIBUTES_TO			
1512	1616	CONTRIBUTES_TO			
1513	408	NAME_TO_OBJ			
1514	406	NAME_TO_OBJ			
1515	1516	NAME_TO_OBJ			
1517	88	OBJ_TO_AST			
1517	1518	OBJ_TO_PROP			
1517	1519	OBJ_TO_PROP			
1517	1520	OBJ_TO_PROP			
1517	1554	CONTRIBUTES_TO			
1517	1616	CONTRIBUTES_TO			
1518	408	NAME_TO_OBJ			
1519	406	NAME_TO_OBJ			
1520	1521	NAME_TO_OBJ			
1522	1487	NAME_TO_OBJ			
1522	1492	NAME_TO_OBJ			
1522	1512	NAME_TO_OBJ			
1522	1477	NAME_TO_OBJ			
1522	1482	NAME_TO_OBJ			
1522	1517	NAME_TO_OBJ			
1522	1507	NAME_TO_OBJ			
1522	1502	NAME_TO_OBJ			
1522	1497	NAME_TO_OBJ			
1523	1524	NAME_TO_OBJ			
1524	127	OBJ_TO_AST			
1524	1525	OBJ_TO_PROP			
1524	1526	OBJ_TO_PROP			
1524	1527	OBJ_TO_PROP			
1525	408	NAME_TO_OBJ			
1526	406	NAME_TO_OBJ			
1527	1528	NAME_TO_OBJ			
1529	1535	NAME_TO_OBJ			
1530	1532	ENTRY			
1530	1533	EXIT			
1530	1531	PARENT_OF			
1530	1534	PARENT_OF			
1532	1533	FLOWS_TO			
1533	131	FLOWS_TO			
1535	1530	OBJ_TO_AST			
1535	1536	OBJ_TO_PROP			
1535	1540	OBJ_TO_PROP			
1535	1541	OBJ_TO_PROP			
1535	1542	OBJ_TO_SCOPE			
1536	1537	NAME_TO_OBJ			
1537	1530	OBJ_TO_AST			
1537	1538	OBJ_TO_PROP			
1537	1539	OBJ_TO_PROP			
1538	201	NAME_TO_OBJ			
1539	199	NAME_TO_OBJ			
1540	212	NAME_TO_OBJ			
1541	210	NAME_TO_OBJ			
1542	1530	SCOPE_TO_AST			
1542	131	SCOPE_TO_CALLER			
1542	1543	SCOPE_TO_VAR			
1543	1544	NAME_TO_OBJ			
1544	1530	OBJ_TO_AST			
1548	131	OBJ_TO_AST			
1550	131	OBJ_TO_AST			
1554	131	OBJ_TO_AST			
1554	1555	OBJ_TO_PROP			
1554	1556	OBJ_TO_PROP			
1555	201	NAME_TO_OBJ			
1556	199	NAME_TO_OBJ			
1557	142	OBJ_TO_AST			
1557	1558	OBJ_TO_PROP			
1557	1559	OBJ_TO_PROP			
1557	1560	OBJ_TO_PROP			
1558	201	NAME_TO_OBJ			
1559	199	NAME_TO_OBJ			
1560	1561	NAME_TO_OBJ			
1561	142	OBJ_TO_AST			
1561	1567	OBJ_TO_PROP			
1561	1571	OBJ_TO_PROP			
1561	1562	OBJ_TO_AST			
1561	1572	OBJ_TO_SCOPE			
1562	1564	ENTRY			
1562	1565	EXIT			
1562	1563	PARENT_OF			
1562	1566	PARENT_OF			
1564	1565	FLOWS_TO			
1565	137	FLOWS_TO			
1567	1568	NAME_TO_OBJ			
1568	1562	OBJ_TO_AST			
1568	1569	OBJ_TO_PROP			
1568	1570	OBJ_TO_PROP			
1569	201	NAME_TO_OBJ			
1570	199	NAME_TO_OBJ			
1571	212	NAME_TO_OBJ			
1572	1562	SCOPE_TO_AST			
1572	142	SCOPE_TO_CALLER			
1572	1573	SCOPE_TO_VAR			
1573	1574	NAME_TO_OBJ			
1574	1562	OBJ_TO_AST			
1577	142	OBJ_TO_AST			
1577	1578	OBJ_TO_PROP			
1577	1579	OBJ_TO_PROP			
1577	1580	OBJ_TO_PROP			
1578	408	NAME_TO_OBJ			
1579	406	NAME_TO_OBJ			
1580	1581	NAME_TO_OBJ			
1583	142	OBJ_TO_AST			
1585	142	OBJ_TO_AST			
1589	142	OBJ_TO_AST			
1589	1590	OBJ_TO_PROP			
1589	1591	OBJ_TO_PROP			
1589	1592	OBJ_TO_PROP			
1589	1616	CONTRIBUTES_TO			
1590	201	NAME_TO_OBJ			
1591	199	NAME_TO_OBJ			
1592	1593	NAME_TO_OBJ			
1593	141	OBJ_TO_AST			
1593	1599	OBJ_TO_PROP			
1593	1603	OBJ_TO_PROP			
1593	1594	OBJ_TO_AST			
1593	1604	OBJ_TO_SCOPE			
1594	1596	ENTRY			
1594	1597	EXIT			
1594	1595	PARENT_OF			
1594	1598	PARENT_OF			
1596	1597	FLOWS_TO			
1597	137	FLOWS_TO			
1599	1600	NAME_TO_OBJ			
1600	1594	OBJ_TO_AST			
1600	1601	OBJ_TO_PROP			
1600	1602	OBJ_TO_PROP			
1601	201	NAME_TO_OBJ			
1602	199	NAME_TO_OBJ			
1603	212	NAME_TO_OBJ			
1604	1594	SCOPE_TO_AST			
1604	141	SCOPE_TO_CALLER			
1604	1605	SCOPE_TO_VAR			
1605	1606	NAME_TO_OBJ			
1606	1594	OBJ_TO_AST			
1610	141	OBJ_TO_AST			
1612	141	OBJ_TO_AST			
1616	141	OBJ_TO_AST			
1616	1617	OBJ_TO_PROP			
1616	1618	OBJ_TO_PROP			
1616	1619	OBJ_TO_PROP			
1616	1648	CONTRIBUTES_TO			
1617	201	NAME_TO_OBJ			
1618	199	NAME_TO_OBJ			
1619	1620	NAME_TO_OBJ			
1620	140	OBJ_TO_AST			
1620	1626	OBJ_TO_PROP			
1620	1630	OBJ_TO_PROP			
1620	1621	OBJ_TO_AST			
1620	1631	OBJ_TO_SCOPE			
1621	1623	ENTRY			
1621	1624	EXIT			
1621	1622	PARENT_OF			
1621	1625	PARENT_OF			
1623	1624	FLOWS_TO			
1624	137	FLOWS_TO			
1626	1627	NAME_TO_OBJ			
1627	1621	OBJ_TO_AST			
1627	1628	OBJ_TO_PROP			
1627	1629	OBJ_TO_PROP			
1628	201	NAME_TO_OBJ			
1629	199	NAME_TO_OBJ			
1630	212	NAME_TO_OBJ			
1631	1621	SCOPE_TO_AST			
1631	140	SCOPE_TO_CALLER			
1631	1632	SCOPE_TO_VAR			
1632	1633	NAME_TO_OBJ			
1633	1621	OBJ_TO_AST			
1636	140	OBJ_TO_AST			
1636	1637	OBJ_TO_PROP			
1636	1638	OBJ_TO_PROP			
1636	1639	OBJ_TO_PROP			
1637	408	NAME_TO_OBJ			
1638	406	NAME_TO_OBJ			
1639	1640	NAME_TO_OBJ			
1642	140	OBJ_TO_AST			
1644	140	OBJ_TO_AST			
1648	140	OBJ_TO_AST			
1648	1649	OBJ_TO_PROP			
1648	1650	OBJ_TO_PROP			
1649	201	NAME_TO_OBJ			
1650	199	NAME_TO_OBJ			
1651	161	SCOPE_TO_AST			
1652	168	SCOPE_TO_AST			
